node_id,layer,osmid,x,y,node_type,name,properties,lines_list
metro_0,1,249823635,77.1316496,28.6527444,metro_station,Ramesh Nagar,"{""line"": ""Unknown"", ""network"": ""Delhi Metro"", ""operator"": ""Delhi Metro Rail Corporation Limited"", ""wheelchair"": ""limited"", ""elevator"": ""unknown"", ""real_data"": true}",['Unknown']
metro_1,1,252584508,77.3144992,28.6498106,metro_station,Anand Vihar,"{""line"": ""Unknown"", ""network"": ""Indian Railways"", ""operator"": ""Northern Railway"", ""wheelchair"": ""nan"", ""elevator"": ""unknown"", ""real_data"": true}",['Pink']
metro_2,1,268217229,77.1692817,28.6450127,metro_station,Patel Nagar,"{""line"": ""Unknown"", ""network"": ""Delhi Metro"", ""operator"": ""Delhi Metro Rail Corporation Limited"", ""wheelchair"": ""nan"", ""elevator"": ""unknown"", ""real_data"": true}",['Unknown']
metro_3,1,268381455,77.1071813,28.7208064,metro_station,Rithala,"{""line"": ""Unknown"", ""network"": ""Delhi Metro"", ""operator"": ""Delhi Metro Rail Corporation Limited"", ""wheelchair"": ""nan"", ""elevator"": ""unknown"", ""real_data"": true}",['Red']
metro_4,1,268381457,77.1988974,28.6667177,metro_station,Pratap Nagar,"{""line"": ""Unknown"", ""network"": ""Delhi Metro"", ""operator"": ""Delhi Metro Rail Corporation Limited"", ""wheelchair"": ""nan"", ""elevator"": ""unknown"", ""real_data"": true}",['Red']
metro_5,1,268381463,77.2074156,28.6664068,metro_station,Pul Bangash,"{""line"": ""Unknown"", ""network"": ""Delhi Metro"", ""operator"": ""Delhi Metro Rail Corporation Limited"", ""wheelchair"": ""nan"", ""elevator"": ""unknown"", ""real_data"": true}",['Red']
metro_6,1,268381477,77.2282488,28.6674493,metro_station,Kashmere Gate,"{""line"": ""Unknown"", ""network"": ""Delhi Metro"", ""operator"": ""Delhi Metro Rail Corporation Limited"", ""wheelchair"": ""nan"", ""elevator"": ""unknown"", ""real_data"": true}",['Violet']
metro_7,1,311963955,77.1405393,28.6980415,metro_station,Kohat Enclave,"{""line"": ""Unknown"", ""network"": ""Delhi Metro"", ""operator"": ""Delhi Metro Rail Corporation Limited"", ""wheelchair"": ""nan"", ""elevator"": ""unknown"", ""real_data"": true}",['Red']
metro_8,1,345195834,77.0856631,28.8464766,metro_station,Narela,"{""line"": ""Unknown"", ""network"": ""IR"", ""operator"": ""NR"", ""wheelchair"": ""nan"", ""elevator"": ""unknown"", ""real_data"": true}",['Unknown']
metro_9,1,345195841,77.1024832,28.8015786,metro_station,Holambi Kalan,"{""line"": ""Unknown"", ""network"": ""IR"", ""operator"": ""NR"", ""wheelchair"": ""nan"", ""elevator"": ""unknown"", ""real_data"": true}",['Unknown']
metro_10,1,345199448,77.1158609,28.7696903,metro_station,Khera Kalan,"{""line"": ""Unknown"", ""network"": ""IR"", ""operator"": ""NR"", ""wheelchair"": ""nan"", ""elevator"": ""unknown"", ""real_data"": true}",['Unknown']
metro_11,1,345234441,77.1885235,28.6440122,metro_station,Karol Bagh,"{""line"": ""Unknown"", ""network"": ""Delhi Metro"", ""operator"": ""Delhi Metro Rail Corporation Limited"", ""wheelchair"": ""nan"", ""elevator"": ""unknown"", ""real_data"": true}",['Blue']
metro_12,1,347676531,77.1506635,28.655746,metro_station,Kirti Nagar (Blue Line),"{""line"": ""Unknown"", ""network"": ""Delhi Metro"", ""operator"": ""Delhi Metro Rail Corporation Limited"", ""wheelchair"": ""nan"", ""elevator"": ""unknown"", ""real_data"": true}",['Unknown']
metro_13,1,347676595,77.1582587,28.6515829,metro_station,Shadipur,"{""line"": ""Unknown"", ""network"": ""Delhi Metro"", ""operator"": ""Delhi Metro Rail Corporation Limited"", ""wheelchair"": ""nan"", ""elevator"": ""unknown"", ""real_data"": true}",['Unknown']
metro_14,1,347676947,77.1424288,28.657859,metro_station,Moti Nagar,"{""line"": ""Unknown"", ""network"": ""Delhi Metro"", ""operator"": ""Delhi Metro Rail Corporation Limited"", ""wheelchair"": ""limited"", ""elevator"": ""unknown"", ""real_data"": true}",['Unknown']
metro_15,1,554257763,77.1207949,28.5487786,metro_station,Delhi Aerocity,"{""line"": ""Unknown"", ""network"": ""Delhi Metro"", ""operator"": ""Delhi Metro Rail Corporation Limited"", ""wheelchair"": ""nan"", ""elevator"": ""unknown"", ""real_data"": true}",['Airport Express']
metro_16,1,554257787,77.2067072,28.5442564,metro_station,Hauz Khas (Yellow Line),"{""line"": ""Unknown"", ""network"": ""Delhi Metro"", ""operator"": ""Delhi Metro Rail Corporation Limited"", ""wheelchair"": ""nan"", ""elevator"": ""unknown"", ""real_data"": true}",['Unknown']
metro_17,1,554257833,77.2113218,28.6288963,metro_station,Shivaji Stadium,"{""line"": ""Unknown"", ""network"": ""Delhi Metro"", ""operator"": ""Delhi Metro Rail Corporation Limited"", ""wheelchair"": ""nan"", ""elevator"": ""unknown"", ""real_data"": true}",['Airport Express']
metro_18,1,554257841,77.2227421,28.6434826,metro_station,New Delhi,"{""line"": ""Unknown"", ""network"": ""Delhi Metro"", ""operator"": ""Delhi Metro Rail Corporation Limited"", ""wheelchair"": ""nan"", ""elevator"": ""unknown"", ""real_data"": true}",['Airport Express']
metro_19,1,561316983,77.2166306,28.6671626,metro_station,Tis Hazari,"{""line"": ""Unknown"", ""network"": ""Delhi Metro"", ""operator"": ""Delhi Metro Rail Corporation Limited"", ""wheelchair"": ""yes"", ""elevator"": ""unknown"", ""real_data"": true}",['Red']
metro_20,1,632050796,77.1156635,28.6117094,metro_station,Delhi Cantonment,"{""line"": ""Unknown"", ""network"": ""Indian Railways"", ""operator"": ""Northern Railway"", ""wheelchair"": ""nan"", ""elevator"": ""unknown"", ""real_data"": true}",['Unknown']
metro_21,1,663755930,77.2505301,28.6684339,metro_station,Shastri Park,"{""line"": ""Unknown"", ""network"": ""Delhi Metro"", ""operator"": ""Delhi Metro Rail Corporation Limited"", ""wheelchair"": ""nan"", ""elevator"": ""unknown"", ""real_data"": true}",['Unknown']
metro_22,1,663758609,77.2668137,28.6698165,metro_station,Seelampur,"{""line"": ""Unknown"", ""network"": ""Delhi Metro"", ""operator"": ""Delhi Metro Rail Corporation Limited"", ""wheelchair"": ""nan"", ""elevator"": ""unknown"", ""real_data"": true}",['Unknown']
metro_23,1,663758748,77.2778548,28.6717524,metro_station,Welcome (Red Line),"{""line"": ""Unknown"", ""network"": ""Delhi Metro"", ""operator"": ""Delhi Metro Rail Corporation Limited"", ""wheelchair"": ""nan"", ""elevator"": ""unknown"", ""real_data"": true}",['Unknown']
metro_24,1,663758998,77.2898858,28.6734298,metro_station,Shahdara,"{""line"": ""Unknown"", ""network"": ""Delhi Metro"", ""operator"": ""Delhi Metro Rail Corporation Limited"", ""wheelchair"": ""nan"", ""elevator"": ""unknown"", ""real_data"": true}",['Unknown']
metro_25,1,663759047,77.2922087,28.6734557,metro_station,Delhi Shahdara Junction,"{""line"": ""Unknown"", ""network"": ""IR"", ""operator"": ""NR"", ""wheelchair"": ""nan"", ""elevator"": ""unknown"", ""real_data"": true}",['Unknown']
metro_26,1,663759851,77.3123949,28.6757197,metro_station,Jhilmil,"{""line"": ""Unknown"", ""network"": ""Delhi Metro"", ""operator"": ""Delhi Metro Rail Corporation Limited"", ""wheelchair"": ""nan"", ""elevator"": ""unknown"", ""real_data"": true}",['Unknown']
metro_27,1,663760328,77.3182947,28.6731908,metro_station,Vivek Vihar,"{""line"": ""Unknown"", ""network"": ""IR"", ""operator"": ""NR"", ""wheelchair"": ""nan"", ""elevator"": ""unknown"", ""real_data"": true}",['Unknown']
metro_28,1,663761411,77.1818589,28.6700885,metro_station,Shastri Nagar,"{""line"": ""Unknown"", ""network"": ""Delhi Metro"", ""operator"": ""Delhi Metro Rail Corporation Limited"", ""wheelchair"": ""nan"", ""elevator"": ""unknown"", ""real_data"": true}",['Red']
metro_29,1,663761428,77.1703467,28.6735891,metro_station,Inderlok (Red Line),"{""line"": ""Unknown"", ""network"": ""Delhi Metro"", ""operator"": ""Delhi Metro Rail Corporation Limited"", ""wheelchair"": ""nan"", ""elevator"": ""unknown"", ""real_data"": true}",['Unknown']
metro_30,1,663761505,77.1647754,28.6824082,metro_station,Kanhaiya Nagar,"{""line"": ""Unknown"", ""network"": ""Delhi Metro"", ""operator"": ""Delhi Metro Rail Corporation Limited"", ""wheelchair"": ""nan"", ""elevator"": ""unknown"", ""real_data"": true}",['Red']
metro_31,1,663762151,77.1616833,28.6889264,metro_station,Keshav Puram,"{""line"": ""Unknown"", ""network"": ""Delhi Metro"", ""operator"": ""Delhi Metro Rail Corporation Limited"", ""wheelchair"": ""nan"", ""elevator"": ""unknown"", ""real_data"": true}",['Red']
metro_32,1,663762964,77.1524856,28.6960485,metro_station,Netaji Subhash Place (Red Line),"{""line"": ""Unknown"", ""network"": ""Delhi Metro"", ""operator"": ""Delhi Metro Rail Corporation Limited"", ""wheelchair"": ""nan"", ""elevator"": ""unknown"", ""real_data"": true}",['Unknown']
metro_33,1,663765153,77.1322497,28.7032676,metro_station,Pitam Pura,"{""line"": ""Unknown"", ""network"": ""Delhi Metro"", ""operator"": ""Delhi Metro Rail Corporation Limited"", ""wheelchair"": ""limited"", ""elevator"": ""unknown"", ""real_data"": true}",['Red']
metro_34,1,663766390,77.1259971,28.7075774,metro_station,Rohini East,"{""line"": ""Unknown"", ""network"": ""Delhi Metro"", ""operator"": ""Delhi Metro Rail Corporation Limited"", ""wheelchair"": ""limited"", ""elevator"": ""unknown"", ""real_data"": true}",['Red']
metro_35,1,910356438,77.1862115,28.5822036,metro_station,Delhi Safdarjang,"{""line"": ""Unknown"", ""network"": ""IR"", ""operator"": ""NR"", ""wheelchair"": ""nan"", ""elevator"": ""unknown"", ""real_data"": true}",['Unknown']
metro_36,1,910356522,77.2276886,28.5789548,metro_station,Sewa Nagar,"{""line"": ""Unknown"", ""network"": ""IR"", ""operator"": ""NR"", ""wheelchair"": ""nan"", ""elevator"": ""unknown"", ""real_data"": true}",['Unknown']
metro_37,1,910356583,77.2656232,28.5594753,metro_station,Okhla,"{""line"": ""Unknown"", ""network"": ""IR"", ""operator"": ""NR"", ""wheelchair"": ""nan"", ""elevator"": ""unknown"", ""real_data"": true}",['Violet']
metro_38,1,913081055,77.2004935,28.6685068,metro_station,Subzimandi,"{""line"": ""Unknown"", ""network"": ""IR"", ""operator"": ""NR"", ""wheelchair"": ""nan"", ""elevator"": ""unknown"", ""real_data"": true}",['Unknown']
metro_39,1,913095905,77.2276494,28.660932,metro_station,Delhi Junction,"{""line"": ""Unknown"", ""network"": ""IR"", ""operator"": ""NR"", ""wheelchair"": ""nan"", ""elevator"": ""unknown"", ""real_data"": true}",['Unknown']
metro_40,1,913485885,77.2063998,28.6981333,metro_station,GTB Nagar,"{""line"": ""Unknown"", ""network"": ""Delhi Metro"", ""operator"": ""Delhi Metro Rail Corporation Limited"", ""wheelchair"": ""nan"", ""elevator"": ""unknown"", ""real_data"": true}",['Unknown']
metro_41,1,913486329,77.1770629,28.7035041,metro_station,Delhi Azadpur,"{""line"": ""Unknown"", ""network"": ""IR"", ""operator"": ""NR"", ""wheelchair"": ""nan"", ""elevator"": ""unknown"", ""real_data"": true}",['Unknown']
metro_42,1,914644353,77.17119,28.6671217,metro_station,Dayabasti,"{""line"": ""Unknown"", ""network"": ""IR"", ""operator"": ""NR"", ""wheelchair"": ""nan"", ""elevator"": ""unknown"", ""real_data"": true}",['Unknown']
metro_43,1,915407469,77.1852561,28.6627515,metro_station,Delhi Sarai Rohilla,"{""line"": ""Unknown"", ""network"": ""Indian Railways"", ""operator"": ""Northern Railway"", ""wheelchair"": ""yes"", ""elevator"": ""unknown"", ""real_data"": true}",['Unknown']
metro_44,1,920882336,77.1672884,28.7144008,metro_station,Adarsh Nagar,"{""line"": ""Unknown"", ""network"": ""IR"", ""operator"": ""NR"", ""wheelchair"": ""nan"", ""elevator"": ""unknown"", ""real_data"": true}",['Unknown']
metro_45,1,927873494,77.0866995,28.5564626,metro_station,IGI Airport,"{""line"": ""Unknown"", ""network"": ""Delhi Metro"", ""operator"": ""Delhi Metro Rail Corporation Limited"", ""wheelchair"": ""nan"", ""elevator"": ""unknown"", ""real_data"": true}",['Unknown']
metro_46,1,927873510,77.25909,28.5494785,metro_station,Kalkaji Mandir,"{""line"": ""Unknown"", ""network"": ""Delhi Metro"", ""operator"": ""Delhi Metro Rail Corporation Limited"", ""wheelchair"": ""yes"", ""elevator"": ""unknown"", ""real_data"": true}",['Magenta']
metro_47,1,927873513,77.1617158,28.5918719,metro_station,Dhaula Kuan,"{""line"": ""Unknown"", ""network"": ""Delhi Metro"", ""operator"": ""Delhi Metro Rail Corporation Limited"", ""wheelchair"": ""yes"", ""elevator"": ""unknown"", ""real_data"": true}",['Airport Express']
metro_48,1,938409545,77.2231116,28.6424786,metro_station,New Delhi Airport Express Terminal,"{""line"": ""Unknown"", ""network"": ""Delhi Metro"", ""operator"": ""Delhi Metro Rail Corporation Limited"", ""wheelchair"": ""nan"", ""elevator"": ""unknown"", ""real_data"": true}",['Unknown']
metro_49,1,940975619,77.0924713,28.585353,metro_station,Palam,"{""line"": ""Unknown"", ""network"": ""IR"", ""operator"": ""NR"", ""wheelchair"": ""nan"", ""elevator"": ""unknown"", ""real_data"": true}",['Magenta']
metro_50,1,941132747,77.0512889,28.5369587,metro_station,Bijwasan,"{""line"": ""Unknown"", ""network"": ""IR"", ""operator"": ""NR"", ""wheelchair"": ""nan"", ""elevator"": ""unknown"", ""real_data"": true}",['Unknown']
metro_51,1,944845341,77.3155003,28.6488509,metro_station,Anand Vihar Terminal,"{""line"": ""Unknown"", ""network"": ""Indian Railways"", ""operator"": ""Northern Railway"", ""wheelchair"": ""yes"", ""elevator"": ""unknown"", ""real_data"": true}",['Unknown']
metro_52,1,1824659702,77.1513605,28.6545409,metro_station,Kirti Nagar (Green Line),"{""line"": ""Unknown"", ""network"": ""Delhi Metro"", ""operator"": ""Delhi Metro Rail Corporation Limited"", ""wheelchair"": ""nan"", ""elevator"": ""unknown"", ""real_data"": true}",['Unknown']
metro_53,1,1824659742,77.1577026,28.6620531,metro_station,Satguru Ramsingh Marg,"{""line"": ""Unknown"", ""network"": ""Delhi Metro"", ""operator"": ""Delhi Metro Rail Corporation Limited"", ""wheelchair"": ""nan"", ""elevator"": ""unknown"", ""real_data"": true}",['Unknown']
metro_54,1,1825425942,77.1275679,28.6814073,metro_station,Shakurbasti,"{""line"": ""Unknown"", ""network"": ""IR"", ""operator"": ""NR"", ""wheelchair"": ""nan"", ""elevator"": ""unknown"", ""real_data"": true}",['Unknown']
metro_55,1,1835677720,77.2970508,28.5034421,metro_station,Tughlakabad,"{""line"": ""Unknown"", ""network"": ""IR"", ""operator"": ""NR"", ""wheelchair"": ""nan"", ""elevator"": ""unknown"", ""real_data"": true}",['Violet']
metro_56,1,1988513576,77.1405102,28.6137142,metro_station,Brar Square,"{""line"": ""Unknown"", ""network"": ""IR"", ""operator"": ""NR"", ""wheelchair"": ""nan"", ""elevator"": ""unknown"", ""real_data"": true}",['Unknown']
metro_57,1,1988513580,77.1979077,28.6627442,metro_station,Delhi Kishanganj,"{""line"": ""Unknown"", ""network"": ""IR"", ""operator"": ""NR"", ""wheelchair"": ""nan"", ""elevator"": ""unknown"", ""real_data"": true}",['Unknown']
metro_58,1,1988513581,77.2440352,28.5792815,metro_station,Lajpat Nagar,"{""line"": ""Unknown"", ""network"": ""IR"", ""operator"": ""NR"", ""wheelchair"": ""nan"", ""elevator"": ""unknown"", ""real_data"": true}",['Pink']
metro_59,1,1988513582,77.2168728,28.5797537,metro_station,Lodhi Colony,"{""line"": ""Unknown"", ""network"": ""IR"", ""operator"": ""NR"", ""wheelchair"": ""nan"", ""elevator"": ""unknown"", ""real_data"": true}",['Unknown']
metro_60,1,1988513583,77.2472109,28.6160392,metro_station,Pragati Maidan,"{""line"": ""Unknown"", ""network"": ""IR"", ""operator"": ""NR"", ""wheelchair"": ""nan"", ""elevator"": ""unknown"", ""real_data"": true}",['Blue']
metro_61,1,1988513597,77.1963127,28.5812101,metro_station,Sarojini Nagar,"{""line"": ""Unknown"", ""network"": ""IR"", ""operator"": ""NR"", ""wheelchair"": ""nan"", ""elevator"": ""unknown"", ""real_data"": true}",['Pink']
metro_62,1,1988513598,77.2266682,28.6334521,metro_station,Shivaji Bridge,"{""line"": ""Unknown"", ""network"": ""IR"", ""operator"": ""NR"", ""wheelchair"": ""yes"", ""elevator"": ""unknown"", ""real_data"": true}",['Unknown']
metro_63,1,1988513599,77.2374037,28.6281166,metro_station,Tilak Bridge,"{""line"": ""Unknown"", ""network"": ""IR"", ""operator"": ""NR"", ""wheelchair"": ""nan"", ""elevator"": ""unknown"", ""real_data"": true}",['Unknown']
metro_64,1,1988513600,77.1838135,28.6644729,metro_station,Vivekanand Puri,"{""line"": ""Unknown"", ""network"": ""IR"", ""operator"": ""NR"", ""wheelchair"": ""nan"", ""elevator"": ""unknown"", ""real_data"": true}",['Unknown']
metro_65,1,1988585233,77.2535202,28.5889646,metro_station,Hazrat Nizamuddin Junction,"{""line"": ""Unknown"", ""network"": ""IR"", ""operator"": ""NR"", ""wheelchair"": ""yes"", ""elevator"": ""unknown"", ""real_data"": true}",['Unknown']
metro_66,1,1988598418,77.115385,28.7149569,metro_station,Rohini West,"{""line"": ""Unknown"", ""network"": ""Delhi Metro"", ""operator"": ""Delhi Metro Rail Corporation Limited"", ""wheelchair"": ""nan"", ""elevator"": ""unknown"", ""real_data"": true}",['Red']
metro_67,1,2579042823,76.9785264,28.6119086,metro_station,Dhansa Bus Stand,"{""line"": ""Unknown"", ""network"": ""Delhi Metro"", ""operator"": ""Delhi Metro Rail Corporation Limited"", ""wheelchair"": ""nan"", ""elevator"": ""unknown"", ""real_data"": true}",['Unknown']
metro_68,1,2832938172,77.2050447,28.5433691,metro_station,Hauz Khas (Magenta Line),"{""line"": ""Unknown"", ""network"": ""Delhi Metro"", ""operator"": ""Delhi Metro Rail Corporation Limited"", ""wheelchair"": ""nan"", ""elevator"": ""unknown"", ""real_data"": true}",['Unknown']
metro_69,1,2832938185,77.1750592,28.5568967,metro_station,Munirka,"{""line"": ""Unknown"", ""network"": ""Delhi Metro"", ""operator"": ""Delhi Metro Rail Corporation Limited"", ""wheelchair"": ""nan"", ""elevator"": ""unknown"", ""real_data"": true}",['Magenta']
metro_70,1,2832938187,77.2749004,28.5597477,metro_station,Sukhdev Vihar,"{""line"": ""Unknown"", ""network"": ""Delhi Metro"", ""operator"": ""Delhi Metro Rail Corporation Limited"", ""wheelchair"": ""nan"", ""elevator"": ""unknown"", ""real_data"": true}",['Magenta']
metro_71,1,2832938196,77.1611168,28.557827,metro_station,Vasant Vihar,"{""line"": ""Unknown"", ""network"": ""Delhi Metro"", ""operator"": ""Delhi Metro Rail Corporation Limited"", ""wheelchair"": ""nan"", ""elevator"": ""unknown"", ""real_data"": true}",['Magenta']
metro_72,1,2832938301,77.1402814,28.5608462,metro_station,Shankar Vihar,"{""line"": ""Unknown"", ""network"": ""Delhi Metro"", ""operator"": ""Delhi Metro Rail Corporation Limited"", ""wheelchair"": ""nan"", ""elevator"": ""unknown"", ""real_data"": true}",['Magenta']
metro_73,1,2832938307,77.1111279,28.5771145,metro_station,Sadar Bazar Cantonment,"{""line"": ""Unknown"", ""network"": ""Delhi Metro"", ""operator"": ""Delhi Metro Rail Corporation Limited"", ""wheelchair"": ""no"", ""elevator"": ""unknown"", ""real_data"": true}",['Magenta']
metro_74,1,2832938324,77.0823751,28.60185,metro_station,Dashrath Puri,"{""line"": ""Unknown"", ""network"": ""Delhi Metro"", ""operator"": ""Delhi Metro Rail Corporation Limited"", ""wheelchair"": ""nan"", ""elevator"": ""unknown"", ""real_data"": true}",['Magenta']
metro_75,1,2832938329,77.0779492,28.6289471,metro_station,Janakpuri West,"{""line"": ""Unknown"", ""network"": ""Delhi Metro"", ""operator"": ""Delhi Metro Rail Corporation Limited"", ""wheelchair"": ""yes"", ""elevator"": ""unknown"", ""real_data"": true}",['Magenta']
metro_76,1,2833058716,77.2384925,28.5419077,metro_station,Greater Kailash,"{""line"": ""Unknown"", ""network"": ""Delhi Metro"", ""operator"": ""Delhi Metro Rail Corporation Limited"", ""wheelchair"": ""nan"", ""elevator"": ""unknown"", ""real_data"": true}",['Magenta']
metro_77,1,2833058718,77.3101107,28.542916,metro_station,Kalindi Kunj,"{""line"": ""Unknown"", ""network"": ""Delhi Metro"", ""operator"": ""Delhi Metro Rail Corporation Limited"", ""wheelchair"": ""nan"", ""elevator"": ""unknown"", ""real_data"": true}",['Magenta']
metro_78,1,2833058720,77.2919304,28.5613002,metro_station,Okhla Vihar,"{""line"": ""Unknown"", ""network"": ""Delhi Metro"", ""operator"": ""Delhi Metro Rail Corporation Limited"", ""wheelchair"": ""nan"", ""elevator"": ""unknown"", ""real_data"": true}",['Magenta']
metro_79,1,2833058721,77.2210916,28.5423747,metro_station,Panchsheel Park,"{""line"": ""Unknown"", ""network"": ""Delhi Metro"", ""operator"": ""Delhi Metro Rail Corporation Limited"", ""wheelchair"": ""nan"", ""elevator"": ""unknown"", ""real_data"": true}",['Magenta']
metro_80,1,2833058722,77.1855231,28.5503805,metro_station,R. K. Puram,"{""line"": ""Unknown"", ""network"": ""Delhi Metro"", ""operator"": ""Delhi Metro Rail Corporation Limited"", ""wheelchair"": ""nan"", ""elevator"": ""unknown"", ""real_data"": true}",['Unknown']
metro_81,1,2833058723,77.2966578,28.5458279,metro_station,Jasola Vihar Shaheen Bagh,"{""line"": ""Unknown"", ""network"": ""Delhi Metro"", ""operator"": ""Delhi Metro Rail Corporation Limited"", ""wheelchair"": ""nan"", ""elevator"": ""unknown"", ""real_data"": true}",['Magenta']
metro_82,1,2833058753,77.1226566,28.564835,metro_station,Terminal 1 IGI Airport,"{""line"": ""Unknown"", ""network"": ""Delhi Metro"", ""operator"": ""Delhi Metro Rail Corporation Limited"", ""wheelchair"": ""nan"", ""elevator"": ""unknown"", ""real_data"": true}",['Magenta']
metro_83,1,2833531907,77.3088549,28.613453,metro_station,Trilokpuri Sanjay Lake,"{""line"": ""Unknown"", ""network"": ""Delhi Metro"", ""operator"": ""Delhi Metro Rail Corporation Limited"", ""wheelchair"": ""yes"", ""elevator"": ""unknown"", ""real_data"": true}",['Pink']
metro_84,1,2833971686,77.3158749,28.6468336,metro_station,Anand Vihar (Blue Line),"{""line"": ""Unknown"", ""network"": ""Delhi Metro"", ""operator"": ""Delhi Metro Rail Corporation Limited"", ""wheelchair"": ""nan"", ""elevator"": ""unknown"", ""real_data"": true}",['Unknown']
metro_85,1,2833971689,77.3060686,28.6493434,metro_station,Karkarduma (Pink Line),"{""line"": ""Unknown"", ""network"": ""Delhi Metro"", ""operator"": ""Delhi Metro Rail Corporation Limited"", ""wheelchair"": ""nan"", ""elevator"": ""unknown"", ""real_data"": true}",['Unknown']
metro_86,1,2837147019,77.1382701,28.7446411,metro_station,Samaypur Badli,"{""line"": ""Unknown"", ""network"": ""Delhi Metro"", ""operator"": ""Delhi Metro Rail Corporation Limited"", ""wheelchair"": ""nan"", ""elevator"": ""unknown"", ""real_data"": true}",['Unknown']
metro_87,1,2837147020,77.1398526,28.7383795,metro_station,"Rohini Sector 18, 19","{""line"": ""Unknown"", ""network"": ""Delhi Metro"", ""operator"": ""Delhi Metro Rail Corporation Limited"", ""wheelchair"": ""nan"", ""elevator"": ""unknown"", ""real_data"": true}",['Unknown']
metro_88,1,3284155408,77.2863387,28.5630488,metro_station,Jamia Millia Islamia,"{""line"": ""Unknown"", ""network"": ""Delhi Metro"", ""operator"": ""Delhi Metro Rail Corporation Limited"", ""wheelchair"": ""yes"", ""elevator"": ""unknown"", ""real_data"": true}",['Magenta']
metro_89,1,3736001861,77.0715537,28.5603258,metro_station,Shahabad Mohammadpur,"{""line"": ""Unknown"", ""network"": ""IR"", ""operator"": ""NR"", ""wheelchair"": ""nan"", ""elevator"": ""unknown"", ""real_data"": true}",['Unknown']
metro_90,1,3832323219,77.2303164,28.5411108,metro_station,Chirag Delhi,"{""line"": ""Unknown"", ""network"": ""Delhi Metro"", ""operator"": ""Delhi Metro Rail Corporation Limited"", ""wheelchair"": ""nan"", ""elevator"": ""unknown"", ""real_data"": true}",['Magenta']
metro_91,1,4676900918,77.310718,28.6319032,metro_station,IP Extension,"{""line"": ""Unknown"", ""network"": ""Delhi Metro"", ""operator"": ""Delhi Metro Rail Corporation Limited"", ""wheelchair"": ""nan"", ""elevator"": ""unknown"", ""real_data"": true}",['Pink']
metro_92,1,4676900919,77.2957877,28.6536001,metro_station,Karkarduma Court,"{""line"": ""Unknown"", ""network"": ""Delhi Metro"", ""operator"": ""Delhi Metro Rail Corporation Limited"", ""wheelchair"": ""yes"", ""elevator"": ""unknown"", ""real_data"": true}",['Pink']
metro_93,1,4676900933,77.3054069,28.6200437,metro_station,East Vinod Nagar - Mayur Vihar - II,"{""line"": ""Unknown"", ""network"": ""Delhi Metro"", ""operator"": ""Delhi Metro Rail Corporation Limited"", ""wheelchair"": ""nan"", ""elevator"": ""unknown"", ""real_data"": true}",['Unknown']
metro_94,1,4676901224,77.3044525,28.624979,metro_station,Mandawali - West Vinod Nagar,"{""line"": ""Unknown"", ""network"": ""Delhi Metro"", ""operator"": ""Delhi Metro Rail Corporation Limited"", ""wheelchair"": ""nan"", ""elevator"": ""unknown"", ""real_data"": true}",['Unknown']
metro_95,1,5215706767,77.1995697,28.7298286,metro_station,Burari,"{""line"": ""Unknown"", ""network"": ""Delhi Metro"", ""operator"": ""Delhi Metro Rail Corporation Limited"", ""wheelchair"": ""nan"", ""elevator"": ""unknown"", ""real_data"": true}",['Unknown']
metro_96,1,5215706768,77.223995,28.7211162,metro_station,Jagatpur Village,"{""line"": ""Unknown"", ""network"": ""Delhi Metro"", ""operator"": ""Delhi Metro Rail Corporation Limited"", ""wheelchair"": ""nan"", ""elevator"": ""unknown"", ""real_data"": true}",['Unknown']
metro_97,1,5215706769,77.2524068,28.7057735,metro_station,Khajoorikhas,"{""line"": ""Unknown"", ""network"": ""Delhi Metro"", ""operator"": ""Delhi Metro Rail Corporation Limited"", ""wheelchair"": ""nan"", ""elevator"": ""unknown"", ""real_data"": true}",['Unknown']
metro_98,1,5215706793,77.2274526,28.7102223,metro_station,Surghat,"{""line"": ""Unknown"", ""network"": ""Delhi Metro"", ""operator"": ""Delhi Metro Rail Corporation Limited"", ""wheelchair"": ""nan"", ""elevator"": ""unknown"", ""real_data"": true}",['Unknown']
metro_99,1,5397665618,77.1491044,28.7299398,metro_station,Haiderpur Badli Mor,"{""line"": ""Unknown"", ""network"": ""Delhi Metro"", ""operator"": ""Delhi Metro Rail Corporation Limited"", ""wheelchair"": ""nan"", ""elevator"": ""unknown"", ""real_data"": true}",['Unknown']
metro_100,1,5453646586,77.2122822,28.6158794,metro_station,Central Secretariat,"{""line"": ""Unknown"", ""network"": ""Delhi Metro"", ""operator"": ""Delhi Metro Rail Corporation Limited"", ""wheelchair"": ""nan"", ""elevator"": ""unknown"", ""real_data"": true}",['Violet']
metro_101,1,5737166729,76.9977711,28.6913435,metro_station,Ghevra,"{""line"": ""Unknown"", ""network"": ""IR"", ""operator"": ""NR"", ""wheelchair"": ""nan"", ""elevator"": ""unknown"", ""real_data"": true}",['Green']
metro_102,1,5737166756,77.0573608,28.6862813,metro_station,Nangloi,"{""line"": ""Unknown"", ""network"": ""IR"", ""operator"": ""NR"", ""wheelchair"": ""nan"", ""elevator"": ""unknown"", ""real_data"": true}",['Green']
metro_103,1,5737168025,77.0494433,28.586443,metro_station,Dwarka Sector 11,"{""line"": ""Unknown"", ""network"": ""Delhi Metro"", ""operator"": ""Delhi Metro Rail Corporation Limited"", ""wheelchair"": ""limited"", ""elevator"": ""unknown"", ""real_data"": true}",['Unknown']
metro_104,1,5781445033,77.1782756,28.6424955,metro_station,Rajendra Place,"{""line"": ""Unknown"", ""network"": ""Delhi Metro"", ""operator"": ""Delhi Metro Rail Corporation Limited"", ""wheelchair"": ""nan"", ""elevator"": ""unknown"", ""real_data"": true}",['Blue']
metro_105,1,5795235047,77.2515057,28.5460584,metro_station,Nehru Enclave,"{""line"": ""Unknown"", ""network"": ""Delhi Metro"", ""operator"": ""Delhi Metro Rail Corporation Limited"", ""wheelchair"": ""nan"", ""elevator"": ""unknown"", ""real_data"": true}",['Magenta']
metro_106,1,5854161857,77.2170087,28.658087,metro_station,Sadar Bazar,"{""line"": ""Unknown"", ""network"": ""IR"", ""operator"": ""NR"", ""wheelchair"": ""yes"", ""elevator"": ""unknown"", ""real_data"": true}",['Unknown']
metro_107,1,6049373291,77.2894599,28.721381,metro_station,Shiv Vihar,"{""line"": ""Unknown"", ""network"": ""Delhi Metro"", ""operator"": ""Delhi Metro Rail Corporation Limited"", ""wheelchair"": ""nan"", ""elevator"": ""unknown"", ""real_data"": true}",['Pink']
metro_108,1,6049373293,77.2861253,28.7024752,metro_station,Gokulpuri,"{""line"": ""Unknown"", ""network"": ""Delhi Metro"", ""operator"": ""Delhi Metro Rail Corporation Limited"", ""wheelchair"": ""nan"", ""elevator"": ""unknown"", ""real_data"": true}",['Pink']
metro_109,1,6049373294,77.2796973,28.6920781,metro_station,Maujpur-Babarpur,"{""line"": ""Unknown"", ""network"": ""Delhi Metro"", ""operator"": ""Delhi Metro Rail Corporation Limited"", ""wheelchair"": ""nan"", ""elevator"": ""unknown"", ""real_data"": true}",['Unknown']
metro_110,1,6049373295,77.2748055,28.6826822,metro_station,Jaffrabad,"{""line"": ""Unknown"", ""network"": ""Delhi Metro"", ""operator"": ""Delhi Metro Rail Corporation Limited"", ""wheelchair"": ""nan"", ""elevator"": ""unknown"", ""real_data"": true}",['Pink']
metro_111,1,6049373296,77.2770239,28.6724018,metro_station,Welcome (Pink Line),"{""line"": ""Unknown"", ""network"": ""Delhi Metro"", ""operator"": ""Delhi Metro Rail Corporation Limited"", ""wheelchair"": ""nan"", ""elevator"": ""unknown"", ""real_data"": true}",['Unknown']
metro_112,1,6049373297,77.2848431,28.6646764,metro_station,East Azad Nagar,"{""line"": ""Unknown"", ""network"": ""Delhi Metro"", ""operator"": ""Delhi Metro Rail Corporation Limited"", ""wheelchair"": ""nan"", ""elevator"": ""unknown"", ""real_data"": true}",['Pink']
metro_113,1,6049373298,77.2901199,28.6578127,metro_station,Krishna Nagar,"{""line"": ""Unknown"", ""network"": ""Delhi Metro"", ""operator"": ""Delhi Metro Rail Corporation Limited"", ""wheelchair"": ""nan"", ""elevator"": ""unknown"", ""real_data"": true}",['Pink']
metro_114,1,6179179025,77.2022237,28.521168,metro_station,Saket,"{""line"": ""Unknown"", ""network"": ""Delhi Metro"", ""operator"": ""Delhi Metro Rail Corporation Limited"", ""wheelchair"": ""nan"", ""elevator"": ""unknown"", ""real_data"": true}",['Yellow']
metro_115,1,6196100475,77.181964,28.7244312,metro_station,Majlis Park,"{""line"": ""Unknown"", ""network"": ""Delhi Metro"", ""operator"": ""Delhi Metro Rail Corporation Limited"", ""wheelchair"": ""nan"", ""elevator"": ""unknown"", ""real_data"": true}",['Pink']
metro_116,1,6196100477,77.2492973,28.565871,metro_station,Vinobapuri,"{""line"": ""Unknown"", ""network"": ""Delhi Metro"", ""operator"": ""Delhi Metro Rail Corporation Limited"", ""wheelchair"": ""nan"", ""elevator"": ""unknown"", ""real_data"": true}",['Pink']
metro_117,1,6196100478,77.2909319,28.6036425,metro_station,Mayur Vihar - I (Pink Line),"{""line"": ""Unknown"", ""network"": ""Delhi Metro"", ""operator"": ""Delhi Metro Rail Corporation Limited"", ""wheelchair"": ""yes"", ""elevator"": ""unknown"", ""real_data"": true}",['Unknown']
metro_118,1,6196100479,77.2987023,28.6058619,metro_station,Mayur Vihar Pocket 1,"{""line"": ""Unknown"", ""network"": ""Delhi Metro"", ""operator"": ""Delhi Metro Rail Corporation Limited"", ""wheelchair"": ""nan"", ""elevator"": ""unknown"", ""real_data"": true}",['Pink']
metro_119,1,6196100480,77.2572494,28.5887494,metro_station,Sarai Kale Khan - Nizamuddin,"{""line"": ""Unknown"", ""network"": ""Delhi Metro"", ""operator"": ""Delhi Metro Rail Corporation Limited"", ""wheelchair"": ""yes"", ""elevator"": ""unknown"", ""real_data"": true}",['Unknown']
metro_120,1,6196100481,77.2585979,28.5724231,metro_station,Ashram,"{""line"": ""Unknown"", ""network"": ""Delhi Metro"", ""operator"": ""Delhi Metro Rail Corporation Limited"", ""wheelchair"": ""nan"", ""elevator"": ""unknown"", ""real_data"": true}",['Pink']
metro_121,1,6388555278,77.1076284,28.6028727,metro_station,Nasirpur,"{""line"": ""Unknown"", ""network"": ""IR"", ""operator"": ""NR"", ""wheelchair"": ""nan"", ""elevator"": ""unknown"", ""real_data"": true}",['Unknown']
metro_122,1,6453544485,77.175741,28.5785326,metro_station,Sir M. Vishweshwaraiah Moti Bagh,"{""line"": ""Unknown"", ""network"": ""Delhi Metro"", ""operator"": ""Delhi Metro Rail Corporation Limited"", ""wheelchair"": ""nan"", ""elevator"": ""unknown"", ""real_data"": true}",['Unknown']
metro_123,1,6453544486,77.1878709,28.5702618,metro_station,Bhikaji Cama Place,"{""line"": ""Unknown"", ""network"": ""Delhi Metro"", ""operator"": ""Delhi Metro Rail Corporation Limited"", ""wheelchair"": ""nan"", ""elevator"": ""unknown"", ""real_data"": true}",['Pink']
metro_124,1,6453544487,77.2075857,28.5736524,metro_station,Dilli Haat - INA (Pink Line),"{""line"": ""Unknown"", ""network"": ""Delhi Metro"", ""operator"": ""Delhi Metro Rail Corporation Limited"", ""wheelchair"": ""nan"", ""elevator"": ""unknown"", ""real_data"": true}",['Unknown']
metro_125,1,6453544488,77.2385055,28.56958,metro_station,Lajpat Nagar (Pink Line),"{""line"": ""Unknown"", ""network"": ""Delhi Metro"", ""operator"": ""Delhi Metro Rail Corporation Limited"", ""wheelchair"": ""nan"", ""elevator"": ""unknown"", ""real_data"": true}",['Unknown']
metro_126,1,6453544489,77.2205677,28.5685664,metro_station,South Extension,"{""line"": ""Unknown"", ""network"": ""Delhi Metro"", ""operator"": ""Delhi Metro Rail Corporation Limited"", ""wheelchair"": ""nan"", ""elevator"": ""unknown"", ""real_data"": true}",['Pink']
metro_127,1,6453544492,77.1297333,28.6371795,metro_station,Mayapuri,"{""line"": ""Unknown"", ""network"": ""Delhi Metro"", ""operator"": ""Delhi Metro Rail Corporation Limited"", ""wheelchair"": ""nan"", ""elevator"": ""unknown"", ""real_data"": true}",['Unknown']
metro_128,1,6453992648,77.1242597,28.6511896,metro_station,Rajouri Garden (Pink Line),"{""line"": ""Unknown"", ""network"": ""Delhi Metro"", ""operator"": ""Delhi Metro Rail Corporation Limited"", ""wheelchair"": ""nan"", ""elevator"": ""unknown"", ""real_data"": true}",['Unknown']
metro_129,1,6453992649,77.1227198,28.6490563,metro_station,Rajouri Garden (Blue Line),"{""line"": ""Unknown"", ""network"": ""Delhi Metro"", ""operator"": ""Delhi Metro Rail Corporation Limited"", ""wheelchair"": ""limited"", ""elevator"": ""unknown"", ""real_data"": true}",['Unknown']
metro_130,1,6453992650,77.1542607,28.6947146,metro_station,Netaji Subhash Place (Pink Line),"{""line"": ""Unknown"", ""network"": ""Delhi Metro"", ""operator"": ""Delhi Metro Rail Corporation Limited"", ""wheelchair"": ""nan"", ""elevator"": ""unknown"", ""real_data"": true}",['Unknown']
metro_131,1,6453992651,77.1819488,28.7057821,metro_station,Azadpur (Pink Line),"{""line"": ""Unknown"", ""network"": ""Delhi Metro"", ""operator"": ""Delhi Metro Rail Corporation Limited"", ""wheelchair"": ""nan"", ""elevator"": ""unknown"", ""real_data"": true}",['Unknown']
metro_132,1,6453992652,77.1803722,28.7070448,metro_station,Azadpur (Yellow Line),"{""line"": ""Unknown"", ""network"": ""Delhi Metro"", ""operator"": ""Delhi Metro Rail Corporation Limited"", ""wheelchair"": ""nan"", ""elevator"": ""unknown"", ""real_data"": true}",['Unknown']
metro_133,1,6453992653,77.2093017,28.5741769,metro_station,Dilli Haat - INA (Yellow Line),"{""line"": ""Unknown"", ""network"": ""Delhi Metro"", ""operator"": ""Delhi Metro Rail Corporation Limited"", ""wheelchair"": ""nan"", ""elevator"": ""unknown"", ""real_data"": true}",['Unknown']
metro_134,1,6453992654,77.2364011,28.5705968,metro_station,Lajpat Nagar (Violet Line),"{""line"": ""Unknown"", ""network"": ""Delhi Metro"", ""operator"": ""Delhi Metro Rail Corporation Limited"", ""wheelchair"": ""nan"", ""elevator"": ""unknown"", ""real_data"": true}",['Unknown']
metro_135,1,6454015469,77.3155317,28.6466157,metro_station,Anand Vihar (Pink Line),"{""line"": ""Unknown"", ""network"": ""Delhi Metro"", ""operator"": ""Delhi Metro Rail Corporation Limited"", ""wheelchair"": ""nan"", ""elevator"": ""unknown"", ""real_data"": true}",['Unknown']
metro_136,1,6458130120,77.3055178,28.6483176,metro_station,Karkarduma (Blue Line),"{""line"": ""Unknown"", ""network"": ""Delhi Metro"", ""operator"": ""Delhi Metro Rail Corporation Limited"", ""wheelchair"": ""nan"", ""elevator"": ""unknown"", ""real_data"": true}",['Unknown']
metro_137,1,6458165644,77.1404187,28.6086201,metro_station,Delhi Cantt,"{""line"": ""Unknown"", ""network"": ""Delhi Metro"", ""operator"": ""Delhi Metro Rail Corporation Limited"", ""wheelchair"": ""nan"", ""elevator"": ""unknown"", ""real_data"": true}",['Pink']
metro_138,1,6458202840,77.1654317,28.7019574,metro_station,Shalimar Bagh,"{""line"": ""Unknown"", ""network"": ""Delhi Metro"", ""operator"": ""Delhi Metro Rail Corporation Limited"", ""wheelchair"": ""nan"", ""elevator"": ""unknown"", ""real_data"": true}",['Pink']
metro_139,1,6458202841,77.1496094,28.6857668,metro_station,Shakurpur,"{""line"": ""Unknown"", ""network"": ""Delhi Metro"", ""operator"": ""Delhi Metro Rail Corporation Limited"", ""wheelchair"": ""nan"", ""elevator"": ""unknown"", ""real_data"": true}",['Pink']
metro_140,1,6458202843,77.1391976,28.6727671,metro_station,Punjabi Bagh West,"{""line"": ""Unknown"", ""network"": ""Delhi Metro"", ""operator"": ""Delhi Metro Rail Corporation Limited"", ""wheelchair"": ""nan"", ""elevator"": ""unknown"", ""real_data"": true}",['Pink']
metro_141,1,6458202844,77.1364438,28.6243852,metro_station,Naraina Vihar,"{""line"": ""Unknown"", ""network"": ""Delhi Metro"", ""operator"": ""Delhi Metro Rail Corporation Limited"", ""wheelchair"": ""nan"", ""elevator"": ""unknown"", ""real_data"": true}",['Pink']
metro_142,1,6458202845,77.1272678,28.6580737,metro_station,ESI - Basaidarapur,"{""line"": ""Unknown"", ""network"": ""Delhi Metro"", ""operator"": ""Delhi Metro Rail Corporation Limited"", ""wheelchair"": ""nan"", ""elevator"": ""unknown"", ""real_data"": true}",['Unknown']
metro_143,1,6465991434,77.1691872,28.6727066,metro_station,Inderlok (Green Line),"{""line"": ""Unknown"", ""network"": ""Delhi Metro"", ""operator"": ""Delhi Metro Rail Corporation Limited"", ""wheelchair"": ""nan"", ""elevator"": ""unknown"", ""real_data"": true}",['Unknown']
metro_144,1,6465991435,77.155291,28.6716045,metro_station,Ashok Park Main,"{""line"": ""Unknown"", ""network"": ""Delhi Metro"", ""operator"": ""Delhi Metro Rail Corporation Limited"", ""wheelchair"": ""nan"", ""elevator"": ""unknown"", ""real_data"": true}",['Green']
metro_145,1,6465991436,77.1461239,28.672995,metro_station,Punjabi Bagh,"{""line"": ""Unknown"", ""network"": ""Delhi Metro"", ""operator"": ""Delhi Metro Rail Corporation Limited"", ""wheelchair"": ""nan"", ""elevator"": ""unknown"", ""real_data"": true}",['Green']
metro_146,1,6465991437,77.1304722,28.6750317,metro_station,Shivaji Park,"{""line"": ""Unknown"", ""network"": ""Delhi Metro"", ""operator"": ""Delhi Metro Rail Corporation Limited"", ""wheelchair"": ""nan"", ""elevator"": ""unknown"", ""real_data"": true}",['Green']
metro_147,1,6465991438,77.1193599,28.6764752,metro_station,Madipur,"{""line"": ""Unknown"", ""network"": ""Delhi Metro"", ""operator"": ""Delhi Metro Rail Corporation Limited"", ""wheelchair"": ""nan"", ""elevator"": ""unknown"", ""real_data"": true}",['Green']
metro_148,1,6465991439,77.1122823,28.6773563,metro_station,Paschim Vihar East,"{""line"": ""Unknown"", ""network"": ""Delhi Metro"", ""operator"": ""Delhi Metro Rail Corporation Limited"", ""wheelchair"": ""nan"", ""elevator"": ""unknown"", ""real_data"": true}",['Green']
metro_149,1,6465991441,77.0926793,28.6798074,metro_station,Peera Garhi,"{""line"": ""Unknown"", ""network"": ""Delhi Metro"", ""operator"": ""Delhi Metro Rail Corporation Limited"", ""wheelchair"": ""nan"", ""elevator"": ""unknown"", ""real_data"": true}",['Green']
metro_150,1,6465991442,77.0808492,28.681103,metro_station,Udyog Nagar,"{""line"": ""Unknown"", ""network"": ""Delhi Metro"", ""operator"": ""Delhi Metro Rail Corporation Limited"", ""wheelchair"": ""nan"", ""elevator"": ""unknown"", ""real_data"": true}",['Green']
metro_151,1,6465991443,77.074,28.6818775,metro_station,Surajmal Stadium,"{""line"": ""Unknown"", ""network"": ""Delhi Metro"", ""operator"": ""Delhi Metro Rail Corporation Limited"", ""wheelchair"": ""nan"", ""elevator"": ""unknown"", ""real_data"": true}",['Unknown']
metro_152,1,6465991445,77.0562463,28.6822009,metro_station,Nangloi Railway Station,"{""line"": ""Unknown"", ""network"": ""Delhi Metro"", ""operator"": ""Delhi Metro Rail Corporation Limited"", ""wheelchair"": ""nan"", ""elevator"": ""unknown"", ""real_data"": true}",['Green']
metro_153,1,6465991446,77.0439437,28.6823085,metro_station,Rajdhani Park,"{""line"": ""Unknown"", ""network"": ""Delhi Metro"", ""operator"": ""Delhi Metro Rail Corporation Limited"", ""wheelchair"": ""nan"", ""elevator"": ""unknown"", ""real_data"": true}",['Green']
metro_154,1,6465991447,77.0305741,28.6824341,metro_station,Mundka,"{""line"": ""Unknown"", ""network"": ""Delhi Metro"", ""operator"": ""Delhi Metro Rail Corporation Limited"", ""wheelchair"": ""nan"", ""elevator"": ""unknown"", ""real_data"": true}",['Green']
metro_155,1,6465991448,77.0171485,28.6833701,metro_station,Mundka Industrial Area,"{""line"": ""Unknown"", ""network"": ""Delhi Metro"", ""operator"": ""Delhi Metro Rail Corporation Limited"", ""wheelchair"": ""nan"", ""elevator"": ""unknown"", ""real_data"": true}",['Green']
metro_156,1,6465991450,76.9772082,28.6868849,metro_station,Tikri Kalan,"{""line"": ""Unknown"", ""network"": ""Delhi Metro"", ""operator"": ""Delhi Metro Rail Corporation Limited"", ""wheelchair"": ""nan"", ""elevator"": ""unknown"", ""real_data"": true}",['Unknown']
metro_157,1,6465991451,76.9640828,28.6880254,metro_station,Tikri Border,"{""line"": ""Unknown"", ""network"": ""Delhi Metro"", ""operator"": ""Delhi Metro Rail Corporation Limited"", ""wheelchair"": ""nan"", ""elevator"": ""unknown"", ""real_data"": true}",['Unknown']
metro_158,1,6485904396,77.1945546,28.5470121,metro_station,IIT Delhi,"{""line"": ""Unknown"", ""network"": ""Delhi Metro"", ""operator"": ""Delhi Metro Rail Corporation Limited"", ""wheelchair"": ""nan"", ""elevator"": ""unknown"", ""real_data"": true}",['Magenta']
metro_159,1,6537193575,77.249551,28.6206019,metro_station,Indraprastha,"{""line"": ""Unknown"", ""network"": ""Delhi Metro"", ""operator"": ""Delhi Metro Rail Corporation Limited"", ""wheelchair"": ""nan"", ""elevator"": ""unknown"", ""real_data"": true}",['Blue']
metro_160,1,6537193576,77.268013,28.6233124,metro_station,Yamuna Bank,"{""line"": ""Unknown"", ""network"": ""Delhi Metro"", ""operator"": ""Delhi Metro Rail Corporation Limited"", ""wheelchair"": ""nan"", ""elevator"": ""unknown"", ""real_data"": true}",['Blue']
metro_161,1,6537196022,77.3015085,28.5890885,metro_station,New Ashok Nagar,"{""line"": ""Unknown"", ""network"": ""Delhi Metro"", ""operator"": ""Delhi Metro Rail Corporation Limited"", ""wheelchair"": ""nan"", ""elevator"": ""unknown"", ""real_data"": true}",['Unknown']
metro_162,1,6539745133,77.2895398,28.604064,metro_station,Mayur Vihar - I (Blue Line),"{""line"": ""Unknown"", ""network"": ""Delhi Metro"", ""operator"": ""Delhi Metro Rail Corporation Limited"", ""wheelchair"": ""yes"", ""elevator"": ""unknown"", ""real_data"": true}",['Unknown']
metro_163,1,6539894848,77.0407315,28.5922362,metro_station,Dwarka Sector 12,"{""line"": ""Unknown"", ""network"": ""Delhi Metro"", ""operator"": ""Delhi Metro Rail Corporation Limited"", ""wheelchair"": ""nan"", ""elevator"": ""unknown"", ""real_data"": true}",['Unknown']
metro_164,1,6539894849,77.1999165,28.6443188,metro_station,Jhandewalan,"{""line"": ""Unknown"", ""network"": ""Delhi Metro"", ""operator"": ""Delhi Metro Rail Corporation Limited"", ""wheelchair"": ""nan"", ""elevator"": ""unknown"", ""real_data"": true}",['Unknown']
metro_165,1,6539894850,77.2085787,28.6392436,metro_station,Ramakrishna Ashram Marg,"{""line"": ""Unknown"", ""network"": ""Delhi Metro"", ""operator"": ""Delhi Metro Rail Corporation Limited"", ""wheelchair"": ""nan"", ""elevator"": ""unknown"", ""real_data"": true}",['Blue']
metro_166,1,6539894851,77.2193123,28.6327062,metro_station,Rajiv Chowk,"{""line"": ""Unknown"", ""network"": ""Delhi Metro"", ""operator"": ""Delhi Metro Rail Corporation Limited"", ""wheelchair"": ""nan"", ""elevator"": ""unknown"", ""real_data"": true}",['Blue']
metro_167,1,6539894855,77.2250046,28.6297676,metro_station,Barakhambha Road,"{""line"": ""Unknown"", ""network"": ""Delhi Metro"", ""operator"": ""Delhi Metro Rail Corporation Limited"", ""wheelchair"": ""nan"", ""elevator"": ""unknown"", ""real_data"": true}",['Unknown']
metro_168,1,6539894856,77.2341966,28.6256122,metro_station,Mandi House,"{""line"": ""Unknown"", ""network"": ""Delhi Metro"", ""operator"": ""Delhi Metro Rail Corporation Limited"", ""wheelchair"": ""nan"", ""elevator"": ""unknown"", ""real_data"": true}",['Violet']
metro_169,1,6539894857,77.2425278,28.6234752,metro_station,Supreme Court,"{""line"": ""Unknown"", ""network"": ""Delhi Metro"", ""operator"": ""Delhi Metro Rail Corporation Limited"", ""wheelchair"": ""yes"", ""elevator"": ""unknown"", ""real_data"": true}",['Unknown']
metro_170,1,6539894859,77.0574996,28.5810577,metro_station,Dwarka Sector 10,"{""line"": ""Unknown"", ""network"": ""Delhi Metro"", ""operator"": ""Delhi Metro Rail Corporation Limited"", ""wheelchair"": ""limited"", ""elevator"": ""unknown"", ""real_data"": true}",['Unknown']
metro_171,1,6539894860,77.0653316,28.574272,metro_station,Dwarka Sector 9,"{""line"": ""Unknown"", ""network"": ""Delhi Metro"", ""operator"": ""Delhi Metro Rail Corporation Limited"", ""wheelchair"": ""limited"", ""elevator"": ""unknown"", ""real_data"": true}",['Unknown']
metro_172,1,6539894861,77.0670366,28.5656109,metro_station,Dwarka Sector 8,"{""line"": ""Unknown"", ""network"": ""Delhi Metro"", ""operator"": ""Delhi Metro Rail Corporation Limited"", ""wheelchair"": ""nan"", ""elevator"": ""unknown"", ""real_data"": true}",['Unknown']
metro_173,1,6539894862,77.0585605,28.5519218,metro_station,Dwarka Sector 21,"{""line"": ""Unknown"", ""network"": ""Delhi Metro"", ""operator"": ""Delhi Metro Rail Corporation Limited"", ""wheelchair"": ""nan"", ""elevator"": ""unknown"", ""real_data"": true}",['Airport Express']
metro_174,1,6541854250,77.0652861,28.6248465,metro_station,Uttam Nagar East,"{""line"": ""Unknown"", ""network"": ""Delhi Metro"", ""operator"": ""Delhi Metro Rail Corporation Limited"", ""wheelchair"": ""nan"", ""elevator"": ""unknown"", ""real_data"": true}",['Unknown']
metro_175,1,6541854251,77.0557122,28.621757,metro_station,Uttam Nagar West,"{""line"": ""Unknown"", ""network"": ""Delhi Metro"", ""operator"": ""Delhi Metro Rail Corporation Limited"", ""wheelchair"": ""nan"", ""elevator"": ""unknown"", ""real_data"": true}",['Unknown']
metro_176,1,6541854252,77.0450787,28.6202758,metro_station,Nawada,"{""line"": ""Unknown"", ""network"": ""Delhi Metro"", ""operator"": ""Delhi Metro Rail Corporation Limited"", ""wheelchair"": ""nan"", ""elevator"": ""unknown"", ""real_data"": true}",['Unknown']
metro_177,1,6541854253,77.0332792,28.61931,metro_station,Dwarka Mor,"{""line"": ""Unknown"", ""network"": ""Delhi Metro"", ""operator"": ""Delhi Metro Rail Corporation Limited"", ""wheelchair"": ""limited"", ""elevator"": ""unknown"", ""real_data"": true}",['Unknown']
metro_178,1,6541854254,77.0224342,28.6158874,metro_station,Dwarka (Grey Line),"{""line"": ""Unknown"", ""network"": ""Delhi Metro"", ""operator"": ""Delhi Metro Rail Corporation Limited"", ""wheelchair"": ""nan"", ""elevator"": ""unknown"", ""real_data"": true}",['Unknown']
metro_179,1,6541854255,77.0227628,28.6149362,metro_station,Dwarka (Blue Line),"{""line"": ""Unknown"", ""network"": ""Delhi Metro"", ""operator"": ""Delhi Metro Rail Corporation Limited"", ""wheelchair"": ""limited"", ""elevator"": ""unknown"", ""real_data"": true}",['Unknown']
metro_180,1,6541854256,77.0259765,28.6022218,metro_station,Dwarka Sector 14,"{""line"": ""Unknown"", ""network"": ""Delhi Metro"", ""operator"": ""Delhi Metro Rail Corporation Limited"", ""wheelchair"": ""limited"", ""elevator"": ""unknown"", ""real_data"": true}",['Unknown']
metro_181,1,6541854257,77.0335407,28.597009,metro_station,Dwarka Sector 13,"{""line"": ""Unknown"", ""network"": ""Delhi Metro"", ""operator"": ""Delhi Metro Rail Corporation Limited"", ""wheelchair"": ""nan"", ""elevator"": ""unknown"", ""real_data"": true}",['Unknown']
metro_182,1,6547772110,77.162658,28.7259717,metro_station,Jahangirpuri,"{""line"": ""Unknown"", ""network"": ""Delhi Metro"", ""operator"": ""Delhi Metro Rail Corporation Limited"", ""wheelchair"": ""nan"", ""elevator"": ""unknown"", ""real_data"": true}",['Unknown']
metro_183,1,6548798518,77.086757,28.633021,metro_station,Janakpuri East,"{""line"": ""Unknown"", ""network"": ""Delhi Metro"", ""operator"": ""Delhi Metro Rail Corporation Limited"", ""wheelchair"": ""nan"", ""elevator"": ""unknown"", ""real_data"": true}",['Unknown']
metro_184,1,6548798519,77.0964961,28.6365482,metro_station,Tilak Nagar,"{""line"": ""Unknown"", ""network"": ""Delhi Metro"", ""operator"": ""Delhi Metro Rail Corporation Limited"", ""wheelchair"": ""nan"", ""elevator"": ""unknown"", ""real_data"": true}",['Unknown']
metro_185,1,6548798520,77.1051815,28.6404593,metro_station,Subhash Nagar,"{""line"": ""Unknown"", ""network"": ""Delhi Metro"", ""operator"": ""Delhi Metro Rail Corporation Limited"", ""wheelchair"": ""nan"", ""elevator"": ""unknown"", ""real_data"": true}",['Unknown']
metro_186,1,6548798521,77.11282,28.6437265,metro_station,Tagore Garden,"{""line"": ""Unknown"", ""network"": ""Delhi Metro"", ""operator"": ""Delhi Metro Rail Corporation Limited"", ""wheelchair"": ""limited"", ""elevator"": ""unknown"", ""real_data"": true}",['Unknown']
metro_187,1,7018301880,77.1939912,28.7027136,metro_station,Model Town,"{""line"": ""Unknown"", ""network"": ""Delhi Metro"", ""operator"": ""Delhi Metro Rail Corporation Limited"", ""wheelchair"": ""nan"", ""elevator"": ""unknown"", ""real_data"": true}",['Unknown']
metro_188,1,7018301883,77.2078058,28.5668602,metro_station,A.I.I.M.S.,"{""line"": ""Unknown"", ""network"": ""Delhi Metro"", ""operator"": ""Delhi Metro Rail Corporation Limited"", ""wheelchair"": ""nan"", ""elevator"": ""unknown"", ""real_data"": true}",['Unknown']
metro_189,1,7018316585,77.2067933,28.5580071,metro_station,Green Park,"{""line"": ""Unknown"", ""network"": ""Delhi Metro"", ""operator"": ""Delhi Metro Rail Corporation Limited"", ""wheelchair"": ""nan"", ""elevator"": ""unknown"", ""real_data"": true}",['Unknown']
metro_190,1,7018316586,77.2250299,28.6768508,metro_station,Civil Lines,"{""line"": ""Unknown"", ""network"": ""Delhi Metro"", ""operator"": ""Delhi Metro Rail Corporation Limited"", ""wheelchair"": ""yes"", ""elevator"": ""unknown"", ""real_data"": true}",['Unknown']
metro_191,1,7018316587,77.2217271,28.6863222,metro_station,Vidhan Sabha,"{""line"": ""Unknown"", ""network"": ""Delhi Metro"", ""operator"": ""Delhi Metro Rail Corporation Limited"", ""wheelchair"": ""nan"", ""elevator"": ""unknown"", ""real_data"": true}",['Unknown']
metro_192,1,7018316588,77.2147459,28.6950772,metro_station,Vishwa Vidyalaya,"{""line"": ""Unknown"", ""network"": ""Delhi Metro"", ""operator"": ""Delhi Metro Rail Corporation Limited"", ""wheelchair"": ""nan"", ""elevator"": ""unknown"", ""real_data"": true}",['Unknown']
metro_193,1,7018316591,77.2048241,28.5290656,metro_station,Malviya Nagar,"{""line"": ""Unknown"", ""network"": ""Delhi Metro"", ""operator"": ""Delhi Metro Rail Corporation Limited"", ""wheelchair"": ""nan"", ""elevator"": ""unknown"", ""real_data"": true}",['Yellow']
metro_194,1,7018316592,77.1750019,28.5067242,metro_station,Chhatarpur,"{""line"": ""Unknown"", ""network"": ""Delhi Metro"", ""operator"": ""Delhi Metro Rail Corporation Limited"", ""wheelchair"": ""yes"", ""elevator"": ""unknown"", ""real_data"": true}",['Unknown']
metro_195,1,7018711118,77.1613745,28.4991235,metro_station,Sultanpur,"{""line"": ""Unknown"", ""network"": ""Delhi Metro"", ""operator"": ""Delhi Metro Rail Corporation Limited"", ""wheelchair"": ""nan"", ""elevator"": ""unknown"", ""real_data"": true}",['Yellow']
metro_196,1,7018886724,77.2303375,28.6584227,metro_station,Chandni Chowk,"{""line"": ""Unknown"", ""network"": ""Delhi Metro"", ""operator"": ""Delhi Metro Rail Corporation Limited"", ""wheelchair"": ""nan"", ""elevator"": ""unknown"", ""real_data"": true}",['Yellow']
metro_197,1,7018886725,77.2265153,28.6492649,metro_station,Chawri Bazaar,"{""line"": ""Unknown"", ""network"": ""Delhi Metro"", ""operator"": ""Delhi Metro Rail Corporation Limited"", ""wheelchair"": ""nan"", ""elevator"": ""unknown"", ""real_data"": true}",['Unknown']
metro_198,1,7018886726,77.214031,28.6229664,metro_station,Patel Chowk,"{""line"": ""Unknown"", ""network"": ""Delhi Metro"", ""operator"": ""Delhi Metro Rail Corporation Limited"", ""wheelchair"": ""nan"", ""elevator"": ""unknown"", ""real_data"": true}",['Yellow']
metro_199,1,7018886727,77.211796,28.6095136,metro_station,Udyog Bhavan,"{""line"": ""Unknown"", ""network"": ""Delhi Metro"", ""operator"": ""Delhi Metro Rail Corporation Limited"", ""wheelchair"": ""nan"", ""elevator"": ""unknown"", ""real_data"": true}",['Unknown']
metro_200,1,7018886728,77.2110967,28.5973513,metro_station,Lok Kalyan Marg,"{""line"": ""Unknown"", ""network"": ""Delhi Metro"", ""operator"": ""Delhi Metro Rail Corporation Limited"", ""wheelchair"": ""nan"", ""elevator"": ""unknown"", ""real_data"": true}",['Unknown']
metro_201,1,7018886729,77.2125273,28.5865094,metro_station,Jor Bagh,"{""line"": ""Unknown"", ""network"": ""Delhi Metro"", ""operator"": ""Delhi Metro Rail Corporation Limited"", ""wheelchair"": ""nan"", ""elevator"": ""unknown"", ""real_data"": true}",['Yellow']
metro_202,1,7018886730,77.1864532,28.512951,metro_station,Qutab Minar,"{""line"": ""Unknown"", ""network"": ""Delhi Metro"", ""operator"": ""Delhi Metro Rail Corporation Limited"", ""wheelchair"": ""yes"", ""elevator"": ""unknown"", ""real_data"": true}",['Yellow']
metro_203,1,7018886731,77.1491866,28.493751,metro_station,Ghitorni,"{""line"": ""Unknown"", ""network"": ""Delhi Metro"", ""operator"": ""Delhi Metro Rail Corporation Limited"", ""wheelchair"": ""nan"", ""elevator"": ""unknown"", ""real_data"": true}",['Yellow']
metro_204,1,7018886732,77.1257622,28.4807352,metro_station,Arjan Garh,"{""line"": ""Unknown"", ""network"": ""Delhi Metro"", ""operator"": ""Delhi Metro Rail Corporation Limited"", ""wheelchair"": ""yes"", ""elevator"": ""unknown"", ""real_data"": true}",['Unknown']
metro_205,1,7039532905,77.0104375,28.6173003,metro_station,Nangli,"{""line"": ""Unknown"", ""network"": ""Delhi Metro"", ""operator"": ""Delhi Metro Rail Corporation Limited"", ""wheelchair"": ""nan"", ""elevator"": ""unknown"", ""real_data"": true}",['Unknown']
metro_206,1,7267374894,77.2517386,28.5514171,metro_station,Nehru Place,"{""line"": ""Unknown"", ""network"": ""Delhi Metro"", ""operator"": ""Delhi Metro Rail Corporation Limited"", ""wheelchair"": ""nan"", ""elevator"": ""unknown"", ""real_data"": true}",['Violet']
metro_207,1,7267374895,77.2419637,28.5553298,metro_station,Kailash Colony,"{""line"": ""Unknown"", ""network"": ""Delhi Metro"", ""operator"": ""Delhi Metro Rail Corporation Limited"", ""wheelchair"": ""nan"", ""elevator"": ""unknown"", ""real_data"": true}",['Violet']
metro_208,1,7282286730,77.2366607,28.657483,metro_station,Lal Quila,"{""line"": ""Unknown"", ""network"": ""Delhi Metro"", ""operator"": ""Delhi Metro Rail Corporation Limited"", ""wheelchair"": ""yes"", ""elevator"": ""unknown"", ""real_data"": true}",['Violet']
metro_209,1,7282286731,77.2291281,28.6022446,metro_station,Khan Market,"{""line"": ""Unknown"", ""network"": ""Delhi Metro"", ""operator"": ""Delhi Metro Rail Corporation Limited"", ""wheelchair"": ""nan"", ""elevator"": ""unknown"", ""real_data"": true}",['Violet']
metro_210,1,7282286733,77.2407795,28.6392174,metro_station,Delhi Gate,"{""line"": ""Violet Line"", ""network"": ""Delhi Metro"", ""operator"": ""Delhi Metro Rail Corporation Limited"", ""wheelchair"": ""nan"", ""elevator"": ""unknown"", ""real_data"": true}",['Violet Line']
metro_211,1,9066465094,77.1022154,28.678613,metro_station,Paschim Vihar West,"{""line"": ""Unknown"", ""network"": ""Delhi Metro"", ""operator"": ""Delhi Metro Rail Corporation Limited"", ""wheelchair"": ""nan"", ""elevator"": ""unknown"", ""real_data"": true}",['Green']
metro_212,1,9172459622,76.9865067,28.6124504,metro_station,Najafgarh,"{""line"": ""Unknown"", ""network"": ""Delhi Metro"", ""operator"": ""Delhi Metro Rail Corporation Limited"", ""wheelchair"": ""nan"", ""elevator"": ""unknown"", ""real_data"": true}",['Unknown']
metro_213,1,9415047898,77.277523,28.6305974,metro_station,Laxmi Nagar,"{""line"": ""Unknown"", ""network"": ""Delhi Metro"", ""operator"": ""Delhi Metro Rail Corporation Limited"", ""wheelchair"": ""yes"", ""elevator"": ""unknown"", ""real_data"": true}",['Unknown']
metro_214,1,9415047899,77.2952819,28.6414176,metro_station,Preet Vihar,"{""line"": ""Unknown"", ""network"": ""Delhi Metro"", ""operator"": ""Delhi Metro Rail Corporation Limited"", ""wheelchair"": ""nan"", ""elevator"": ""unknown"", ""real_data"": true}",['Unknown']
metro_215,1,9584236504,77.2342555,28.5644044,metro_station,Moolchand,"{""line"": ""Unknown"", ""network"": ""Delhi Metro"", ""operator"": ""Delhi Metro Rail Corporation Limited"", ""wheelchair"": ""nan"", ""elevator"": ""unknown"", ""real_data"": true}",['Violet']
metro_216,1,9584236505,77.2393151,28.5830386,metro_station,Jangpura,"{""line"": ""Unknown"", ""network"": ""Delhi Metro"", ""operator"": ""Delhi Metro Rail Corporation Limited"", ""wheelchair"": ""yes"", ""elevator"": ""unknown"", ""real_data"": true}",['Violet']
metro_217,1,9584236506,77.2337833,28.5882347,metro_station,Jawaharlal Nehru Stadium,"{""line"": ""Unknown"", ""network"": ""Delhi Metro"", ""operator"": ""Delhi Metro Rail Corporation Limited"", ""wheelchair"": ""nan"", ""elevator"": ""unknown"", ""real_data"": true}",['Violet']
metro_218,1,9584236507,77.2192587,28.6240485,metro_station,Janpath,"{""line"": ""Unknown"", ""network"": ""Delhi Metro"", ""operator"": ""Delhi Metro Rail Corporation Limited"", ""wheelchair"": ""nan"", ""elevator"": ""unknown"", ""real_data"": true}",['Violet']
metro_219,1,9584236508,77.2410437,28.6281909,metro_station,ITO,"{""line"": ""Unknown"", ""network"": ""Delhi Metro"", ""operator"": ""Delhi Metro Rail Corporation Limited"", ""wheelchair"": ""nan"", ""elevator"": ""unknown"", ""real_data"": true}",['Violet']
metro_220,1,9597709830,77.2642761,28.5445521,metro_station,Govind Puri,"{""line"": ""Unknown"", ""network"": ""Delhi Metro"", ""operator"": ""Delhi Metro Rail Corporation Limited"", ""wheelchair"": ""nan"", ""elevator"": ""unknown"", ""real_data"": true}",['Violet']
metro_221,1,9597709831,77.2750407,28.5429338,metro_station,Harkesh Nagar Okhla,"{""line"": ""Unknown"", ""network"": ""Delhi Metro"", ""operator"": ""Delhi Metro Rail Corporation Limited"", ""wheelchair"": ""yes"", ""elevator"": ""unknown"", ""real_data"": true}",['Unknown']
metro_222,1,9936590366,77.0851893,28.61572,metro_station,Dabri Mor - Janakpuri South,"{""line"": ""Unknown"", ""network"": ""Delhi Metro"", ""operator"": ""Delhi Metro Rail Corporation Limited"", ""wheelchair"": ""nan"", ""elevator"": ""unknown"", ""real_data"": true}",['Unknown']
metro_223,1,10314380321,77.2868145,28.6364592,metro_station,Nirman Vihar,"{""line"": ""Unknown"", ""network"": ""Delhi Metro"", ""operator"": ""Delhi Metro Rail Corporation Limited"", ""wheelchair"": ""yes"", ""elevator"": ""unknown"", ""real_data"": true}",['Unknown']
metro_224,1,10922685709,77.3008678,28.675385,metro_station,Mansarovar Park,"{""line"": ""Unknown"", ""network"": ""Delhi Metro"", ""operator"": ""Delhi Metro Rail Corporation Limited"", ""wheelchair"": ""yes"", ""elevator"": ""unknown"", ""real_data"": true}",['Unknown']
metro_225,1,11203142798,77.0453073,28.5508323,metro_station,Yashobhoomi Dwarka Sector 25,"{""line"": ""Unknown"", ""network"": ""Delhi Metro"", ""operator"": ""Delhi Metro Rail Corporation Limited"", ""wheelchair"": ""nan"", ""elevator"": ""unknown"", ""real_data"": true}",['Unknown']
metro_226,1,11697504080,77.2938193,28.5039869,metro_station,Tughlkabad railway station,"{""line"": ""Unknown"", ""network"": ""Delhi Metro"", ""operator"": ""DMRC"", ""wheelchair"": ""nan"", ""elevator"": ""unknown"", ""real_data"": true}",['Unknown']
metro_227,1,12149316873,77.0844169,28.6477823,metro_station,Krishna Park Extension,"{""line"": ""Unknown"", ""network"": ""Delhi Metro"", ""operator"": ""Delhi Metro Rail Corporation Limited"", ""wheelchair"": ""yes"", ""elevator"": ""unknown"", ""real_data"": true}",['Unknown']
metro_228,1,360264006,77.23767612985486,28.6500102045612,metro_station,Jama Masjid,"{""line"": ""Unknown"", ""network"": ""Delhi Metro"", ""operator"": ""Delhi Metro Rail Corporation Limited"", ""wheelchair"": ""nan"", ""elevator"": ""unknown"", ""real_data"": true}",['Violet']
metro_229,1,504034446,77.27941744374218,28.617939441260177,metro_station,Akshardham,"{""line"": ""Unknown"", ""network"": ""Delhi Metro"", ""operator"": ""Delhi Metro Rail Corporation Limited"", ""wheelchair"": ""nan"", ""elevator"": ""unknown"", ""real_data"": true}",['Unknown']
metro_230,1,581226084,77.30303297751159,28.493252768145812,metro_station,Badarpur,"{""line"": ""Unknown"", ""network"": ""Delhi Metro"", ""operator"": ""Delhi Metro Rail Corporation Limited"", ""wheelchair"": ""nan"", ""elevator"": ""unknown"", ""real_data"": true}",['Unknown']
metro_231,1,659283553,77.26489898988602,28.55446741139993,metro_station,Okhla NSIC,"{""line"": ""Unknown"", ""network"": ""Delhi Metro"", ""operator"": ""Delhi Metro Rail Corporation Limited"", ""wheelchair"": ""nan"", ""elevator"": ""unknown"", ""real_data"": true}",['Magenta']
metro_232,1,662332955,77.29931533906473,28.502448143943624,metro_station,Tughlakabad Metro Station,"{""line"": ""Unknown"", ""network"": ""Delhi Metro"", ""operator"": ""Delhi Metro Rail Corporation Limited"", ""wheelchair"": ""yes"", ""elevator"": ""unknown"", ""real_data"": true}",['Unknown']
metro_233,1,662484598,77.1694368542205,28.589371149953738,metro_station,Durgabai Deshmukh South Campus,"{""line"": ""Unknown"", ""network"": ""Delhi Metro"", ""operator"": ""Delhi Metro Rail Corporation Limited"", ""wheelchair"": ""yes"", ""elevator"": ""unknown"", ""real_data"": true}",['Pink']
metro_234,1,696181173,77.29462345,28.59419145,metro_station,Mayur Vihar Extension,"{""line"": ""Unknown"", ""network"": ""Delhi Metro"", ""operator"": ""Delhi Metro Rail Corporation Limited"", ""wheelchair"": ""yes"", ""elevator"": ""unknown"", ""real_data"": true}",['Unknown']
metro_235,1,698298769,77.28834920894315,28.52864608695202,metro_station,Sarita Vihar,"{""line"": ""Unknown"", ""network"": ""Delhi Metro"", ""operator"": ""Delhi Metro Rail Corporation Limited"", ""wheelchair"": ""nan"", ""elevator"": ""unknown"", ""real_data"": true}",['Magenta']
metro_236,1,698455465,77.29460287208542,28.51958038842927,metro_station,Mohan Estate,"{""line"": ""Unknown"", ""network"": ""Delhi Metro"", ""operator"": ""Delhi Metro Rail Corporation Limited"", ""wheelchair"": ""yes"", ""elevator"": ""unknown"", ""real_data"": true}",['Violet']
metro_237,1,701576004,77.32147041740744,28.675868284157115,metro_station,Dilshad Garden,"{""line"": ""Unknown"", ""network"": ""Delhi Metro"", ""operator"": ""Delhi Metro Rail Corporation Limited"", ""wheelchair"": ""nan"", ""elevator"": ""unknown"", ""real_data"": true}",['Unknown']
metro_238,1,840200539,77.28325688502568,28.5381627937536,metro_station,Jasola Apollo,"{""line"": ""Unknown"", ""network"": ""Delhi Metro"", ""operator"": ""Delhi Metro Rail Corporation Limited"", ""wheelchair"": ""nan"", ""elevator"": ""unknown"", ""real_data"": true}",['Magenta']
metro_239,1,1173591531,77.17384244684831,28.557915267477686,metro_station,"Delhi Metro, RK Puram","{""line"": ""Unknown"", ""network"": ""Delhi Metro"", ""operator"": ""Delhi Metro Rail Corporation Limited"", ""wheelchair"": ""nan"", ""elevator"": ""unknown"", ""real_data"": true}",['Unknown']
metro_240,1,1372976809,77.2272023,28.600071050000004,metro_station,Station_255,"{""line"": ""Unknown"", ""network"": ""Delhi Metro"", ""operator"": ""DMRC"", ""wheelchair"": ""nan"", ""elevator"": ""unknown"", ""real_data"": true}",['Unknown']
metro_241,1,1391095702,77.18847316110646,28.643978924269515,metro_station,Station_256,"{""line"": ""Unknown"", ""network"": ""Delhi Metro"", ""operator"": ""DMRC"", ""wheelchair"": ""nan"", ""elevator"": ""unknown"", ""real_data"": true}",['Unknown']
